time,SMA
2020-05-28 16:00,321.2960
2020-05-28 15:55,321.5098
2020-05-28 15:50,321.7136
2020-05-28 15:45,321.8851
2020-05-28 15:40,321.9751
2020-05-28 15:35,322.0661
2020-05-28 15:30,322.1854
2020-05-28 15:25,322.3276
2020-05-28 15:20,322.4166
2020-05-28 15:15,322.5171
2020-05-28 15:10,322.5001
2020-05-28 15:05,322.5225
2020-05-28 15:00,322.5359
2020-05-28 14:55,322.5521
2020-05-28 14:50,322.5839
2020-05-28 14:45,322.6042
2020-05-28 14:40,322.6257
2020-05-28 14:35,322.6222
2020-05-28 14:30,322.6212
2020-05-28 14:25,322.6607
2020-05-28 14:20,322.6667
2020-05-28 14:15,322.6605
2020-05-28 14:10,322.6502
2020-05-28 14:05,322.6457
2020-05-28 14:00,322.6327
2020-05-28 13:55,322.5997
2020-05-28 13:50,322.5357
2020-05-28 13:45,322.4585
2020-05-28 13:40,322.3777
2020-05-28 13:35,322.3022
2020-05-28 13:30,322.2137
2020-05-28 13:25,322.1107
2020-05-28 13:20,321.9887
2020-05-28 13:15,321.8630
2020-05-28 13:10,321.7324
2020-05-28 13:05,321.6072
2020-05-28 13:00,321.4742
2020-05-28 12:55,321.3577
2020-05-28 12:50,321.2447
2020-05-28 12:45,321.0897
2020-05-28 12:40,320.9837
2020-05-28 12:35,320.8898
2020-05-28 12:30,320.8040
2020-05-28 12:25,320.7184
2020-05-28 12:20,320.6504
2020-05-28 12:15,320.5774
2020-05-28 12:10,320.5195
2020-05-28 12:05,320.4800
2020-05-28 12:00,320.4010
2020-05-28 11:55,320.3065
2020-05-28 11:50,320.2495
2020-05-28 11:45,320.2080
2020-05-28 11:40,320.1495
2020-05-28 11:35,320.1095
2020-05-28 11:30,320.1075
2020-05-28 11:25,320.0755
2020-05-28 11:20,320.0380
2020-05-28 11:15,319.9395
2020-05-28 11:10,319.7853
2020-05-28 11:05,319.6943
2020-05-28 11:00,319.5503
2020-05-28 10:55,319.3943
2020-05-28 10:50,319.2520
2020-05-28 10:45,319.1006
2020-05-28 10:40,318.9036
2020-05-28 10:35,318.7366
2020-05-28 10:30,318.5686
2020-05-28 10:25,318.3691
2020-05-28 10:20,318.2183
2020-05-28 10:15,318.0663
2020-05-28 10:10,317.8953
2020-05-28 10:05,317.7468
2020-05-28 10:00,317.6163
2020-05-28 09:55,317.4528
2020-05-28 09:50,317.2372
2020-05-28 09:45,317.0642
2020-05-28 09:40,316.9239
2020-05-28 09:35,316.8234
2020-05-27 16:00,316.7662
2020-05-27 15:55,316.6747
2020-05-27 15:50,316.6012
2020-05-27 15:45,316.5281
2020-05-27 15:40,316.4536
2020-05-27 15:35,316.3576
2020-05-27 15:30,316.2926
2020-05-27 15:25,316.1936
2020-05-27 15:20,316.0832
2020-05-27 15:15,316.0062
2020-05-27 15:10,315.8892
2020-05-27 15:05,315.8217
2020-05-27 15:00,315.7542
2020-05-27 14:55,315.6767
2020-05-27 14:50,315.6184
2020-05-27 14:45,315.5814
2020-05-27 14:40,315.5584
2020-05-27 14:35,315.5249
2020-05-27 14:30,315.4868
2020-05-27 14:25,315.4348
2020-05-27 14:20,315.3508
2020-05-27 14:15,315.2678
2020-05-27 14:10,315.1880
2020-05-27 14:05,315.0996
2020-05-27 14:00,315.0181
2020-05-27 13:55,314.9936
2020-05-27 13:50,314.9746
2020-05-27 13:45,314.9846
2020-05-27 13:40,315.0070
2020-05-27 13:35,314.9900
2020-05-27 13:30,315.0105
2020-05-27 13:25,314.9905
2020-05-27 13:20,314.9450
2020-05-27 13:15,314.8720
2020-05-27 13:10,314.8603
2020-05-27 13:05,314.8628
2020-05-27 13:00,314.8783
2020-05-27 12:55,314.9018
2020-05-27 12:50,314.8893
2020-05-27 12:45,314.8943
2020-05-27 12:40,314.9163
2020-05-27 12:35,314.9248
2020-05-27 12:30,314.9410
2020-05-27 12:25,314.8960
2020-05-27 12:20,314.9355
2020-05-27 12:15,315.0100
2020-05-27 12:10,315.1265
2020-05-27 12:05,315.2495
2020-05-27 12:00,315.3480
2020-05-27 11:55,315.4790
2020-05-27 11:50,315.6035
2020-05-27 11:45,315.7100
2020-05-27 11:40,315.7680
2020-05-27 11:35,315.8675
2020-05-27 11:30,315.8835
2020-05-27 11:25,315.9041
2020-05-27 11:20,315.9981
2020-05-27 11:15,316.0945
2020-05-27 11:10,316.2212
2020-05-27 11:05,316.2987
2020-05-27 11:00,316.3872
2020-05-27 10:55,316.4857
2020-05-27 10:50,316.5857
2020-05-27 10:45,316.8067
2020-05-27 10:40,316.9162
2020-05-27 10:35,316.9732
2020-05-27 10:30,317.0263
2020-05-27 10:25,317.0428
2020-05-27 10:20,317.1093
2020-05-27 10:15,317.1743
2020-05-27 10:10,317.2463
2020-05-27 10:05,317.3560
2020-05-27 10:00,317.5300
2020-05-27 09:55,317.6747
2020-05-27 09:50,317.8372
2020-05-27 09:45,318.0058
2020-05-27 09:40,318.0968
2020-05-27 09:35,318.1665
2020-05-26 16:00,318.2489
2020-05-26 15:55,318.3856
2020-05-26 15:50,318.5331
2020-05-26 15:45,318.6726
2020-05-26 15:40,318.8036
2020-05-26 15:35,318.9271
2020-05-26 15:30,319.0661
2020-05-26 15:25,319.1941
2020-05-26 15:20,319.2871
2020-05-26 15:15,319.4025
2020-05-26 15:10,319.4970
2020-05-26 15:05,319.6060
2020-05-26 15:00,319.6885
2020-05-26 14:55,319.7222
2020-05-26 14:50,319.7642
2020-05-26 14:45,319.7966
2020-05-26 14:40,319.8582
2020-05-26 14:35,319.9024
2020-05-26 14:30,319.9389
2020-05-26 14:25,319.9759
2020-05-26 14:20,320.0054
2020-05-26 14:15,320.0563
2020-05-26 14:10,320.0706
2020-05-26 14:05,320.0631
2020-05-26 14:00,320.0350
2020-05-26 13:55,319.9805
2020-05-26 13:50,319.9382
2020-05-26 13:45,319.8787
2020-05-26 13:40,319.8115
2020-05-26 13:35,319.7359
2020-05-26 13:30,319.6204
2020-05-26 13:25,319.4406
2020-05-26 13:20,319.2666
2020-05-26 13:15,319.1891
2020-05-26 13:10,319.1261
2020-05-26 13:05,319.1431
2020-05-26 13:00,319.1650
2020-05-26 12:55,319.1880
2020-05-26 12:50,319.2155
2020-05-26 12:45,319.2760
2020-05-26 12:40,319.3298
2020-05-26 12:35,319.3542
2020-05-26 12:30,319.4319
2020-05-26 12:25,319.5054
2020-05-26 12:20,319.5685
2020-05-26 12:15,319.6660
2020-05-26 12:10,319.7493
2020-05-26 12:05,319.8973
2020-05-26 12:00,320.0449
2020-05-26 11:55,320.1787
2020-05-26 11:50,320.3412
2020-05-26 11:45,320.5196
2020-05-26 11:40,320.7156
2020-05-26 11:35,320.7931
2020-05-26 11:30,320.9021
2020-05-26 11:25,320.9936
2020-05-26 11:20,321.0776
2020-05-26 11:15,321.1636
2020-05-26 11:10,321.2669
2020-05-26 11:05,321.1579
2020-05-26 11:00,321.0178
2020-05-26 10:55,320.8668
2020-05-26 10:50,320.6993
2020-05-26 10:45,320.5442
2020-05-26 10:40,320.4246
2020-05-26 10:35,320.2631
2020-05-26 10:30,320.0981
2020-05-26 10:25,319.9043
2020-05-26 10:20,319.7338
2020-05-26 10:15,319.5854
2020-05-26 10:10,319.4204
2020-05-26 10:05,319.2852
2020-05-26 10:00,319.1334
2020-05-26 09:55,319.0454
2020-05-26 09:50,318.9109
2020-05-26 09:45,318.7539
2020-05-26 09:40,318.5714
2020-05-26 09:35,318.3712
2020-05-22 16:00,318.1577
2020-05-22 15:55,318.1232
2020-05-22 15:50,318.1168
2020-05-22 15:45,318.1448
2020-05-22 15:40,318.1598
2020-05-22 15:35,318.1653
2020-05-22 15:30,318.1510
2020-05-22 15:25,318.1510
2020-05-22 15:20,318.1645
2020-05-22 15:15,318.1671
2020-05-22 15:10,318.1587
2020-05-22 15:05,318.1421
2020-05-22 15:00,318.1513
2020-05-22 14:55,318.1408
2020-05-22 14:50,318.1282
2020-05-22 14:45,318.0982
2020-05-22 14:40,318.0867
2020-05-22 14:35,318.0337
2020-05-22 14:30,317.9882
2020-05-22 14:25,317.9619
2020-05-22 14:20,317.9400
2020-05-22 14:15,317.9192
2020-05-22 14:10,317.8762
2020-05-22 14:05,317.8141
2020-05-22 14:00,317.7636
2020-05-22 13:55,317.7406
2020-05-22 13:50,317.7221
2020-05-22 13:45,317.6936
2020-05-22 13:40,317.6596
2020-05-22 13:35,317.6359
2020-05-22 13:30,317.6034
2020-05-22 13:25,317.5584
2020-05-22 13:20,317.5168
2020-05-22 13:15,317.4783
2020-05-22 13:10,317.4537
2020-05-22 13:05,317.4212
2020-05-22 13:00,317.3723
2020-05-22 12:55,317.3617
2020-05-22 12:50,317.3297
2020-05-22 12:45,317.2920
2020-05-22 12:40,317.2322
2020-05-22 12:35,317.1784
2020-05-22 12:30,317.1654
2020-05-22 12:25,317.1645
2020-05-22 12:20,317.1570
2020-05-22 12:15,317.1510
2020-05-22 12:10,317.1420
2020-05-22 12:05,317.1575
2020-05-22 12:00,317.1461
2020-05-22 11:55,317.1186
2020-05-22 11:50,317.0816
2020-05-22 11:45,317.0648
2020-05-22 11:40,317.0656
2020-05-22 11:35,317.0916
2020-05-22 11:30,317.0896
2020-05-22 11:25,317.0781
2020-05-22 11:20,317.0186
2020-05-22 11:15,316.9392
2020-05-22 11:10,316.9287
2020-05-22 11:05,316.9289
2020-05-22 11:00,316.9447
2020-05-22 10:55,316.9967
2020-05-22 10:50,317.0442
2020-05-22 10:45,317.0840
2020-05-22 10:40,317.1045
2020-05-22 10:35,317.1340
2020-05-22 10:30,317.1905
2020-05-22 10:25,317.2300
2020-05-22 10:20,317.2868
2020-05-22 10:15,317.3413
2020-05-22 10:10,317.4098
2020-05-22 10:05,317.4486
2020-05-22 10:00,317.4646
2020-05-22 09:55,317.4541
2020-05-22 09:50,317.4936
2020-05-22 09:45,317.5479
2020-05-22 09:40,317.7093
2020-05-22 09:35,317.8657
2020-05-21 16:00,317.9728
2020-05-21 15:55,318.0518
2020-05-21 15:50,318.1340
2020-05-21 15:45,318.1813
2020-05-21 15:40,318.2160
2020-05-21 15:35,318.2331
2020-05-21 15:30,318.2759
2020-05-21 15:25,318.3044
2020-05-21 15:20,318.3214
2020-05-21 15:15,318.3159
2020-05-21 15:10,318.3179
2020-05-21 15:05,318.3234
2020-05-21 15:00,318.3184
2020-05-21 14:55,318.3244
2020-05-21 14:50,318.3534
2020-05-21 14:45,318.3874
2020-05-21 14:40,318.4109
2020-05-21 14:35,318.4030
2020-05-21 14:30,318.3432
2020-05-21 14:25,318.2762
2020-05-21 14:20,318.1991
2020-05-21 14:15,318.1116
2020-05-21 14:10,318.0353
2020-05-21 14:05,317.9697
2020-05-21 14:00,317.8977
2020-05-21 13:55,317.8434
2020-05-21 13:50,317.7986
2020-05-21 13:45,317.7581
2020-05-21 13:40,317.7108
2020-05-21 13:35,317.6568
2020-05-21 13:30,317.6125
2020-05-21 13:25,317.5685
2020-05-21 13:20,317.5216
2020-05-21 13:15,317.4846
2020-05-21 13:10,317.4026
2020-05-21 13:05,317.3371
2020-05-21 13:00,317.2376
2020-05-21 12:55,317.1965
2020-05-21 12:50,317.1850
2020-05-21 12:45,317.1810
2020-05-21 12:40,317.1950
2020-05-21 12:35,317.2735
2020-05-21 12:30,317.3283
2020-05-21 12:25,317.3666
2020-05-21 12:20,317.4006
2020-05-21 12:15,317.3931
2020-05-21 12:10,317.4156
2020-05-21 12:05,317.4859
2020-05-21 12:00,317.5863
2020-05-21 11:55,317.6758
2020-05-21 11:50,317.7365
2020-05-21 11:45,317.8201
2020-05-21 11:40,317.9135
2020-05-21 11:35,318.0400
2020-05-21 11:30,318.1770
2020-05-21 11:25,318.3571
2020-05-21 11:20,318.5678
2020-05-21 11:15,318.7501
2020-05-21 11:10,318.8296
2020-05-21 11:05,318.9191
2020-05-21 11:00,318.9941
2020-05-21 10:55,319.0048
2020-05-21 10:50,319.0408
2020-05-21 10:45,319.0800
2020-05-21 10:40,319.1058
2020-05-21 10:35,319.1978
2020-05-21 10:30,319.2384
2020-05-21 10:25,319.2161
2020-05-21 10:20,319.1586
2020-05-21 10:15,319.1490
2020-05-21 10:10,319.1712
2020-05-21 10:05,319.1667
2020-05-21 10:00,319.1657
2020-05-21 09:55,319.1098
2020-05-21 09:50,319.0590
2020-05-21 09:45,318.9418
2020-05-21 09:40,318.8178
2020-05-21 09:35,318.6817
2020-05-20 16:00,318.6298
2020-05-20 15:55,318.5568
2020-05-20 15:50,318.4858
2020-05-20 15:45,318.4391
2020-05-20 15:40,318.3988
2020-05-20 15:35,318.3578
2020-05-20 15:30,318.3313
2020-05-20 15:25,318.2993
2020-05-20 15:20,318.2846
2020-05-20 15:15,318.2551
2020-05-20 15:10,318.2311
2020-05-20 15:05,318.1872
2020-05-20 15:00,318.1212
2020-05-20 14:55,318.0837
2020-05-20 14:50,318.0477
2020-05-20 14:45,318.0206
2020-05-20 14:40,318.0244
2020-05-20 14:35,318.0474
2020-05-20 14:30,318.0442
2020-05-20 14:25,318.0532
2020-05-20 14:20,318.0397
2020-05-20 14:15,318.0657
2020-05-20 14:10,318.1052
2020-05-20 14:05,318.1407
2020-05-20 14:00,318.1480
2020-05-20 13:55,318.1687
2020-05-20 13:50,318.2192
2020-05-20 13:45,318.2412
2020-05-20 13:40,318.2607
2020-05-20 13:35,318.3247
2020-05-20 13:30,318.3936
2020-05-20 13:25,318.4693
2020-05-20 13:20,318.5515
2020-05-20 13:15,318.6075
2020-05-20 13:10,318.6624
2020-05-20 13:05,318.7316
2020-05-20 13:00,318.7676
2020-05-20 12:55,318.7931
2020-05-20 12:50,318.8436
2020-05-20 12:45,318.8966
2020-05-20 12:40,318.9375
2020-05-20 12:35,318.9492
2020-05-20 12:30,318.9380
2020-05-20 12:25,318.9310
2020-05-20 12:20,318.9285
2020-05-20 12:15,318.9235
2020-05-20 12:10,318.8725
2020-05-20 12:05,318.8300
2020-05-20 12:00,318.8105
2020-05-20 11:55,318.7695
2020-05-20 11:50,318.7428
2020-05-20 11:45,318.7200
2020-05-20 11:40,318.6721
2020-05-20 11:35,318.6576
2020-05-20 11:30,318.6157
2020-05-20 11:25,318.5865
2020-05-20 11:20,318.5440
2020-05-20 11:15,318.5010
2020-05-20 11:10,318.4347
2020-05-20 11:05,318.1357
2020-05-20 11:00,317.8959
2020-05-20 10:55,317.7116
2020-05-20 10:50,317.5653
2020-05-20 10:45,317.4163
2020-05-20 10:40,317.2668
2020-05-20 10:35,317.1423
2020-05-20 10:30,317.0093
2020-05-20 10:25,316.9148
2020-05-20 10:20,316.8202
2020-05-20 10:15,316.7110
2020-05-20 10:10,316.5624
2020-05-20 10:05,316.3624
2020-05-20 10:00,316.2884
2020-05-20 09:55,316.1984
2020-05-20 09:50,316.1089
2020-05-20 09:45,316.0089
2020-05-20 09:40,315.9314
2020-05-20 09:35,315.8469
2020-05-19 16:00,315.7966
2020-05-19 15:55,315.9971
2020-05-19 15:50,316.1727
2020-05-19 15:45,316.2907
2020-05-19 15:40,316.3777
2020-05-19 15:35,316.4782
2020-05-19 15:30,316.5828
2020-05-19 15:25,316.6536
2020-05-19 15:20,316.7771
2020-05-19 15:15,316.8623
2020-05-19 15:10,316.9149
2020-05-19 15:05,316.9796
2020-05-19 15:00,317.0756
2020-05-19 14:55,317.2141
2020-05-19 14:50,317.2501
2020-05-19 14:45,317.2728
2020-05-19 14:40,317.2988
2020-05-19 14:35,317.3333
2020-05-19 14:30,317.3538
2020-05-19 14:25,317.3958
2020-05-19 14:20,317.4208
2020-05-19 14:15,317.4213
2020-05-19 14:10,317.4049
2020-05-19 14:05,317.3879
2020-05-19 14:00,317.3799
2020-05-19 13:55,317.3387
2020-05-19 13:50,317.3327
2020-05-19 13:45,317.3315
2020-05-19 13:40,317.3130
2020-05-19 13:35,317.2907
2020-05-19 13:30,317.2827
2020-05-19 13:25,317.2637
2020-05-19 13:20,317.2222
2020-05-19 13:15,317.1992
2020-05-19 13:10,317.1922
2020-05-19 13:05,317.2006
2020-05-19 13:00,317.2171
2020-05-19 12:55,317.2221
2020-05-19 12:50,317.2221
2020-05-19 12:45,317.2156
2020-05-19 12:40,317.2168
2020-05-19 12:35,317.2583
2020-05-19 12:30,317.3105
2020-05-19 12:25,317.3360
2020-05-19 12:20,317.3280
2020-05-19 12:15,317.3867
2020-05-19 12:10,317.3909
2020-05-19 12:05,317.4129
2020-05-19 12:00,317.4544
2020-05-19 11:55,317.4912
2020-05-19 11:50,317.5037
2020-05-19 11:45,317.5422
2020-05-19 11:40,317.5722
2020-05-19 11:35,317.5867
2020-05-19 11:30,317.5579
2020-05-19 11:25,317.4629
2020-05-19 11:20,317.3969
2020-05-19 11:15,317.3409
2020-05-19 11:10,317.2652
2020-05-19 11:05,317.1492
2020-05-19 11:00,317.0899
2020-05-19 10:55,317.0018
2020-05-19 10:50,316.9149
2020-05-19 10:45,316.8399
2020-05-19 10:40,316.7764
2020-05-19 10:35,316.6487
2020-05-19 10:30,316.5337
2020-05-19 10:25,316.3649
2020-05-19 10:20,316.1719
2020-05-19 10:15,316.0167
2020-05-19 10:10,315.8809
2020-05-19 10:05,315.7294
2020-05-19 10:00,315.6044
2020-05-19 09:55,315.4684
2020-05-19 09:50,315.3792
2020-05-19 09:45,315.3258
2020-05-19 09:40,315.2528
2020-05-19 09:35,315.1766
2020-05-18 16:00,315.1255
2020-05-18 15:55,315.1385
2020-05-18 15:50,315.1022
2020-05-18 15:45,315.0558
2020-05-18 15:40,315.0293
2020-05-18 15:35,315.0062
2020-05-18 15:30,315.0080
2020-05-18 15:25,315.0362
2020-05-18 15:20,315.0354
2020-05-18 15:15,315.1079
2020-05-18 15:10,315.1724
2020-05-18 15:05,315.2354
2020-05-18 15:00,315.2787
2020-05-18 14:55,315.3247
2020-05-18 14:50,315.3517
2020-05-18 14:45,315.3811
2020-05-18 14:40,315.3849
2020-05-18 14:35,315.3922
2020-05-18 14:30,315.3912
2020-05-18 14:25,315.3783
2020-05-18 14:20,315.3567
2020-05-18 14:15,315.3398
2020-05-18 14:10,315.2981
2020-05-18 14:05,315.2784
2020-05-18 14:00,315.2212
2020-05-18 13:55,315.1577
2020-05-18 13:50,315.1004
2020-05-18 13:45,315.0206
2020-05-18 13:40,314.9629
2020-05-18 13:35,314.8692
2020-05-18 13:30,314.7642
2020-05-18 13:25,314.6512
2020-05-18 13:20,314.5487
2020-05-18 13:15,314.4467
2020-05-18 13:10,314.3662
2020-05-18 13:05,314.2788
2020-05-18 13:00,314.2190
2020-05-18 12:55,314.1667
2020-05-18 12:50,314.1017
2020-05-18 12:45,314.0523
2020-05-18 12:40,314.0323
2020-05-18 12:35,313.9697
2020-05-18 12:30,313.9080
2020-05-18 12:25,313.8322
2020-05-18 12:20,313.7676
2020-05-18 12:15,313.7076
2020-05-18 12:10,313.6236
2020-05-18 12:05,313.5529
2020-05-18 12:00,313.5261
2020-05-18 11:55,313.4806
2020-05-18 11:50,313.4021
2020-05-18 11:45,313.3211
2020-05-18 11:40,313.2514
2020-05-18 11:35,313.1599
2020-05-18 11:30,313.0379
2020-05-18 11:25,312.9338
2020-05-18 11:20,312.8348
2020-05-18 11:15,312.7062
2020-05-18 11:10,312.5882
2020-05-18 11:05,312.2862
2020-05-18 11:00,311.9672
2020-05-18 10:55,311.6727
2020-05-18 10:50,311.3653
2020-05-18 10:45,311.0374
2020-05-18 10:40,310.7513
2020-05-18 10:35,310.4488
2020-05-18 10:30,310.1403
2020-05-18 10:25,309.8378
2020-05-18 10:20,309.4993
2020-05-18 10:15,309.1908
2020-05-18 10:10,308.9273
2020-05-18 10:05,308.6168
2020-05-18 10:00,308.3176
2020-05-18 09:55,308.0336
2020-05-18 09:50,307.7471
2020-05-18 09:45,307.4601
2020-05-18 09:40,307.1831
2020-05-18 09:35,306.9806
2020-05-15 16:00,306.7766
2020-05-15 15:55,306.7121
2020-05-15 15:50,306.6346
2020-05-15 15:45,306.5651
2020-05-15 15:40,306.5169
2020-05-15 15:35,306.4568
2020-05-15 15:30,306.3473
2020-05-15 15:25,306.2498
2020-05-15 15:20,306.1863
2020-05-15 15:15,306.1228
2020-05-15 15:10,306.0598
2020-05-15 15:05,305.9963
2020-05-15 15:00,305.9423
2020-05-15 14:55,305.9153
2020-05-15 14:50,305.8903
2020-05-15 14:45,305.8415
2020-05-15 14:40,305.8300
2020-05-15 14:35,305.7895
2020-05-15 14:30,305.7060
2020-05-15 14:25,305.5645
2020-05-15 14:20,305.4465
2020-05-15 14:15,305.3643
2020-05-15 14:10,305.3128
2020-05-15 14:05,305.2298
2020-05-15 14:00,305.1555
2020-05-15 13:55,305.0990
2020-05-15 13:50,305.0558
2020-05-15 13:45,305.0203
2020-05-15 13:40,304.9573
2020-05-15 13:35,304.8480
2020-05-15 13:30,304.7146
2020-05-15 13:25,304.5673
2020-05-15 13:20,304.4308
2020-05-15 13:15,304.2948
2020-05-15 13:10,304.1593
2020-05-15 13:05,304.0532
2020-05-15 13:00,303.9512
2020-05-15 12:55,303.8547
2020-05-15 12:50,303.7757
2020-05-15 12:45,303.7197
2020-05-15 12:40,303.6317
2020-05-15 12:35,303.6009
2020-05-15 12:30,303.5664
2020-05-15 12:25,303.5914
2020-05-15 12:20,303.6090
2020-05-15 12:15,303.6515
2020-05-15 12:10,303.6717
2020-05-15 12:05,303.7077
2020-05-15 12:00,303.7312
2020-05-15 11:55,303.7972
2020-05-15 11:50,303.9532
2020-05-15 11:45,304.0810
2020-05-15 11:40,304.1275
2020-05-15 11:35,304.1855
2020-05-15 11:30,304.2220
2020-05-15 11:25,304.1833
2020-05-15 11:20,304.1853
2020-05-15 11:15,304.1643
2020-05-15 11:10,304.1543
2020-05-15 11:05,304.4678
2020-05-15 11:00,304.7771
2020-05-15 10:55,304.9811
2020-05-15 10:50,305.1526
2020-05-15 10:45,305.2431
2020-05-15 10:40,305.3738
2020-05-15 10:35,305.5053
2020-05-15 10:30,305.6473
2020-05-15 10:25,305.7433
2020-05-15 10:20,305.8584
2020-05-15 10:15,305.9931
2020-05-15 10:10,306.0361
2020-05-15 10:05,306.0711
2020-05-15 10:00,306.1671
2020-05-15 09:55,306.2231
2020-05-15 09:50,306.2746
2020-05-15 09:45,306.4206
2020-05-15 09:40,306.5356
2020-05-15 09:35,306.7296
2020-05-14 16:00,306.8956
2020-05-14 15:55,306.7166
2020-05-14 15:50,306.5644
2020-05-14 15:45,306.4339
2020-05-14 15:40,306.3235
2020-05-14 15:35,306.2805
2020-05-14 15:30,306.2092
2020-05-14 15:25,306.1474
2020-05-14 15:20,306.0639
2020-05-14 15:15,306.0744
2020-05-14 15:10,306.0859
2020-05-14 15:05,306.0767
2020-05-14 15:00,306.0537
2020-05-14 14:55,306.0689
2020-05-14 14:50,306.0744
2020-05-14 14:45,306.1014
2020-05-14 14:40,306.1274
2020-05-14 14:35,306.1642
2020-05-14 14:30,306.1619
2020-05-14 14:25,306.0544
2020-05-14 14:20,305.9584
2020-05-14 14:15,305.8979
2020-05-14 14:10,305.8369
2020-05-14 14:05,305.7684
2020-05-14 14:00,305.7348
2020-05-14 13:55,305.6133
2020-05-14 13:50,305.4778
2020-05-14 13:45,305.3051
2020-05-14 13:40,305.2041
2020-05-14 13:35,305.0661
2020-05-14 13:30,304.9720
2020-05-14 13:25,304.8418
2020-05-14 13:20,304.7958
2020-05-14 13:15,304.7309
2020-05-14 13:10,304.6982
2020-05-14 13:05,304.6342
2020-05-14 13:00,304.5863
2020-05-14 12:55,304.5745
2020-05-14 12:50,304.5700
2020-05-14 12:45,304.5907
2020-05-14 12:40,304.5897
2020-05-14 12:35,304.5347
2020-05-14 12:30,304.5132
2020-05-14 12:25,304.4882
2020-05-14 12:20,304.3717
2020-05-14 12:15,304.3710
2020-05-14 12:10,304.3300
2020-05-14 12:05,304.2620
2020-05-14 12:00,304.1995
2020-05-14 11:55,304.1305
2020-05-14 11:50,304.0510
2020-05-14 11:45,304.0197
2020-05-14 11:40,303.9182
2020-05-14 11:35,303.7888
2020-05-14 11:30,303.6081
2020-05-14 11:25,303.5505
2020-05-14 11:20,303.5265
2020-05-14 11:15,303.4770
2020-05-14 11:10,303.4710
2020-05-14 11:05,303.6173
2020-05-14 11:00,303.7733
2020-05-14 10:55,303.9096
2020-05-14 10:50,303.9756
2020-05-14 10:45,304.0341
2020-05-14 10:40,304.1736
2020-05-14 10:35,304.2253
2020-05-14 10:30,304.2728
2020-05-14 10:25,304.4378
2020-05-14 10:20,304.5329
2020-05-14 10:15,304.6254
2020-05-14 10:10,304.7424
2020-05-14 10:05,304.7454
2020-05-14 10:00,304.7949
2020-05-14 09:55,304.9114
2020-05-14 09:50,305.0499
2020-05-14 09:45,305.1514
2020-05-14 09:40,305.2004
2020-05-14 09:35,305.2415
2020-05-13 16:00,305.2674
2020-05-13 15:55,305.1934
2020-05-13 15:50,305.1056
2020-05-13 15:45,305.0379
2020-05-13 15:40,304.9489
2020-05-13 15:35,304.9389
2020-05-13 15:30,304.9057
2020-05-13 15:25,304.9492
2020-05-13 15:20,305.0392
2020-05-13 15:15,305.0772
2020-05-13 15:10,305.1082
2020-05-13 15:05,305.1457
2020-05-13 15:00,305.1207
2020-05-13 14:55,305.2519
2020-05-13 14:50,305.3529
2020-05-13 14:45,305.3734
2020-05-13 14:40,305.4239
2020-05-13 14:35,305.5234
2020-05-13 14:30,305.6369
2020-05-13 14:25,305.7396
2020-05-13 14:20,305.7816
2020-05-13 14:15,305.8263
2020-05-13 14:10,305.8833
2020-05-13 14:05,305.9550
2020-05-13 14:00,306.0230
2020-05-13 13:55,306.0095
2020-05-13 13:50,306.0587
2020-05-13 13:45,306.0537
2020-05-13 13:40,306.1322
2020-05-13 13:35,306.3037
2020-05-13 13:30,306.5249
2020-05-13 13:25,306.7445
2020-05-13 13:20,307.0400
2020-05-13 13:15,307.3060
2020-05-13 13:10,307.6070
2020-05-13 13:05,307.9490
2020-05-13 13:00,308.2775
2020-05-13 12:55,308.5677
2020-05-13 12:50,308.8792
2020-05-13 12:45,309.1355
2020-05-13 12:40,309.4557
2020-05-13 12:35,309.7450
2020-05-13 12:30,310.1092
2020-05-13 12:25,310.5180
2020-05-13 12:20,311.0140
2020-05-13 12:15,311.5620
2020-05-13 12:10,312.0742
2020-05-13 12:05,312.5552
2020-05-13 12:00,312.9172
2020-05-13 11:55,313.1712
2020-05-13 11:50,313.4077
2020-05-13 11:45,313.6298
2020-05-13 11:40,313.7963
2020-05-13 11:35,313.8743
2020-05-13 11:30,313.9143
2020-05-13 11:25,313.9668
2020-05-13 11:20,313.9818
2020-05-13 11:15,313.9261
2020-05-13 11:10,313.8131
2020-05-13 11:05,313.7376
2020-05-13 11:00,313.6271
2020-05-13 10:55,313.6201
2020-05-13 10:50,313.5533
2020-05-13 10:45,313.5673
2020-05-13 10:40,313.5623
2020-05-13 10:35,313.5648
2020-05-13 10:30,313.5266
2020-05-13 10:25,313.5558
2020-05-13 10:20,313.6368
2020-05-13 10:15,313.7629
2020-05-13 10:10,313.8946
2020-05-13 10:05,314.0415
2020-05-13 10:00,314.1725
2020-05-13 09:55,314.3510
2020-05-13 09:50,314.5348
2020-05-13 09:45,314.7573
2020-05-13 09:40,315.0078
2020-05-13 09:35,315.2881
2020-05-12 16:00,315.5940
2020-05-12 15:55,315.8864
2020-05-12 15:50,316.2099
2020-05-12 15:45,316.4800
2020-05-12 15:40,316.7468
2020-05-12 15:35,316.9233
2020-05-12 15:30,317.0905
2020-05-12 15:25,317.2240
2020-05-12 15:20,317.3505
2020-05-12 15:15,317.4478
2020-05-12 15:10,317.5278
2020-05-12 15:05,317.5392
2020-05-12 15:00,317.5277
2020-05-12 14:55,317.5522
2020-05-12 14:50,317.6024
2020-05-12 14:45,317.7084
2020-05-12 14:40,317.8167
2020-05-12 14:35,317.9127
2020-05-12 14:30,318.0147
2020-05-12 14:25,318.1010
2020-05-12 14:20,318.1771
2020-05-12 14:15,318.2627
2020-05-12 14:10,318.3222
2020-05-12 14:05,318.3462
2020-05-12 14:00,318.3684
2020-05-12 13:55,318.3774
2020-05-12 13:50,318.3747
2020-05-12 13:45,318.3929
2020-05-12 13:40,318.4419
2020-05-12 13:35,318.4774
2020-05-12 13:30,318.4986
2020-05-12 13:25,318.5326
2020-05-12 13:20,318.6077
2020-05-12 13:15,318.6402
2020-05-12 13:10,318.6339
2020-05-12 13:05,318.5969
2020-05-12 13:00,318.5929
2020-05-12 12:55,318.5582
2020-05-12 12:50,318.5242
2020-05-12 12:45,318.4885
2020-05-12 12:40,318.4585
2020-05-12 12:35,318.4250
2020-05-12 12:30,318.3816
2020-05-12 12:25,318.3286
2020-05-12 12:20,318.2998
2020-05-12 12:15,318.2638
2020-05-12 12:10,318.2263
2020-05-12 12:05,318.1605
2020-05-12 12:00,318.1028
2020-05-12 11:55,318.0643
2020-05-12 11:50,318.0188
2020-05-12 11:45,317.9478
2020-05-12 11:40,317.8872
2020-05-12 11:35,317.8428
2020-05-12 11:30,317.7350
2020-05-12 11:25,317.6760
2020-05-12 11:20,317.6439
2020-05-12 11:15,317.6158
2020-05-12 11:10,317.5648
2020-05-12 11:05,317.3871
2020-05-12 11:00,317.2426
2020-05-12 10:55,317.1011
2020-05-12 10:50,317.0036
2020-05-12 10:45,316.9366
2020-05-12 10:40,316.8241
2020-05-12 10:35,316.7296
2020-05-12 10:30,316.6596
2020-05-12 10:25,316.6346
2020-05-12 10:20,316.5813
2020-05-12 10:15,316.5459
2020-05-12 10:10,316.5154
2020-05-12 10:05,316.4989
2020-05-12 10:00,316.4514
2020-05-12 09:55,316.3712
2020-05-12 09:50,316.3655
2020-05-12 09:45,316.3062
2020-05-12 09:40,316.1803
2020-05-12 09:35,316.0265
2020-05-11 16:00,315.9150
2020-05-11 15:55,315.9178
2020-05-11 15:50,315.8768
2020-05-11 15:45,315.8488
2020-05-11 15:40,315.7960
2020-05-11 15:35,315.7270
2020-05-11 15:30,315.6885
2020-05-11 15:25,315.6235
2020-05-11 15:20,315.5563
2020-05-11 15:15,315.4673
2020-05-11 15:10,315.3938
2020-05-11 15:05,315.2853
2020-05-11 15:00,315.1913
2020-05-11 14:55,315.1123
2020-05-11 14:50,315.0067
2020-05-11 14:45,314.9105
2020-05-11 14:40,314.7830
2020-05-11 14:35,314.6538
2020-05-11 14:30,314.5263
2020-05-11 14:25,314.4125
2020-05-11 14:20,314.2995
2020-05-11 14:15,314.2100
2020-05-11 14:10,314.1578
2020-05-11 14:05,314.0893
2020-05-11 14:00,314.0241
2020-05-11 13:55,313.9476
2020-05-11 13:50,313.8576
2020-05-11 13:45,313.7761
2020-05-11 13:40,313.7083
2020-05-11 13:35,313.6288
2020-05-11 13:30,313.5553
2020-05-11 13:25,313.4943
2020-05-11 13:20,313.4456
2020-05-11 13:15,313.3936
2020-05-11 13:10,313.3562
2020-05-11 13:05,313.3242
2020-05-11 13:00,313.3109
2020-05-11 12:55,313.2906
2020-05-11 12:50,313.2561
2020-05-11 12:45,313.2409
2020-05-11 12:40,313.1874
2020-05-11 12:35,313.1214
2020-05-11 12:30,313.0541
2020-05-11 12:25,313.0071
2020-05-11 12:20,312.9396
2020-05-11 12:15,312.8711
2020-05-11 12:10,312.8135
2020-05-11 12:05,312.7650
2020-05-11 12:00,312.6807
2020-05-11 11:55,312.5687
2020-05-11 11:50,312.4592
2020-05-11 11:45,312.3350
2020-05-11 11:40,312.1816
2020-05-11 11:35,312.0030
2020-05-11 11:30,311.8474
2020-05-11 11:25,311.6684
2020-05-11 11:20,311.4777
2020-05-11 11:15,311.3087
2020-05-11 11:10,311.1122
2020-05-11 11:05,310.9982
2020-05-11 11:00,310.9055
2020-05-11 10:55,310.8010
2020-05-11 10:50,310.6870
2020-05-11 10:45,310.5578
2020-05-11 10:40,310.4436
2020-05-11 10:35,310.3258
2020-05-11 10:30,310.1794
2020-05-11 10:25,310.0382
2020-05-11 10:20,309.8961
2020-05-11 10:15,309.8101
2020-05-11 10:10,309.7229
2020-05-11 10:05,309.5585
2020-05-11 10:00,309.4189
2020-05-11 09:55,309.3154
2020-05-11 09:50,309.1894
2020-05-11 09:45,309.0711
2020-05-11 09:40,309.0061
2020-05-11 09:35,308.9159
2020-05-08 16:00,308.8732
2020-05-08 15:55,308.7347
2020-05-08 15:50,308.5939
2020-05-08 15:45,308.4399
2020-05-08 15:40,308.2869
2020-05-08 15:35,308.1436
2020-05-08 15:30,307.9923
2020-05-08 15:25,307.8655
2020-05-08 15:20,307.7746
2020-05-08 15:15,307.6969
2020-05-08 15:10,307.6427
2020-05-08 15:05,307.5559
2020-05-08 15:00,307.4682
2020-05-08 14:55,307.4763
2020-05-08 14:50,307.4988
2020-05-08 14:45,307.5213
2020-05-08 14:40,307.5588
2020-05-08 14:35,307.6011
2020-05-08 14:30,307.6111
2020-05-08 14:25,307.6400
2020-05-08 14:20,307.6802
2020-05-08 14:15,307.7189
2020-05-08 14:10,307.7574
2020-05-08 14:05,307.8234
2020-05-08 14:00,307.8824
2020-05-08 13:55,307.9239
2020-05-08 13:50,307.9849
2020-05-08 13:45,308.0440
2020-05-08 13:40,308.0783
2020-05-08 13:35,308.0918
2020-05-08 13:30,308.0753
2020-05-08 13:25,308.0656
2020-05-08 13:20,308.0491
2020-05-08 13:15,308.0013
2020-05-08 13:10,307.9248
2020-05-08 13:05,307.8297
2020-05-08 13:00,307.7302
2020-05-08 12:55,307.6287
2020-05-08 12:50,307.5417
2020-05-08 12:45,307.4492
2020-05-08 12:40,307.3396
2020-05-08 12:35,307.2484
2020-05-08 12:30,307.1629
2020-05-08 12:25,307.0760
2020-05-08 12:20,306.9937
2020-05-08 12:15,306.9313
2020-05-08 12:10,306.8328
2020-05-08 12:05,306.7348
2020-05-08 12:00,306.6318
2020-05-08 11:55,306.5338
2020-05-08 11:50,306.4294
2020-05-08 11:45,306.3244
2020-05-08 11:40,306.2218
2020-05-08 11:35,306.1181
2020-05-08 11:30,306.0241
2020-05-08 11:25,305.9677
2020-05-08 11:20,305.9012
2020-05-08 11:15,305.8525
2020-05-08 11:10,305.7740
